Target Language;Target Word;Ariya Source Word;Definition;Tavernier 2007 Page Number;Variants;Type;Transmission;;Med;M edian
Babylonian;Ar-ta;Ạrtā;Truth, Justice, Right Order;33;;Abstract Expression;Direct;;Asm;Archaisism
Elamite;Ir-da-ha;Ạrtā;Truth, Justice, Right Order;33;;Abstract Expression;Direct;;EI;East Iranian
Elamite;Har-ma-[iš]-tam6;Ar(u)vastam;Physical Prowess;33;;Abstract Expression;Direct;;;
Elamite;Zí-iš-šá;Čiça;Seed, Lineage;33;;Abstract Expression;Direct;;;
Elamite;Mi-sa-iš;Miθa;Evil;33;;Abstract Expression;Direct;;;
Elamite;Ši-ia-ti (-iš/-um);Šyātiš/m;Prosperity;33;;Abstract Expression;Direct;;;
Elamite;Kur-r[a-a]d-[du]-um;Xraθum;Wisdom;33;;Abstract Expression;Direct;;;
Elamite;Šá-iš-šá-[um];Xšaçam;Dominion, Kingship;33;;Abstract Expression;Direct;;;
Elamite;Tar-ma;Dr(u)va;Stable, Firm;33;;Quality Adjective;Direct;;;
Elamite;Pír-ra-šá-um;Frašam;Excellent;33;;Quality Adjective;Direct;;;
Elamite;Bar-ru-za-na-iš-be-na;Paruzanānām;Having many kinds of people;33-34;Bar-ru-za-na-na-um, Ba-ru-za-na-na-um;Quality Adjective;Direct;;;
Babylonian;Ti-gir-ḫu-ú-du;Tigraxaudā;Wearing the pointed cap;34;;Quality Adjective;Direct;;;
Elamite;Ti-ik-ra-ka4-u-da;Tigraxaudā;Wearing the pointed cap;34;;Quality Adjective;Direct;;;
Elamite;Mi-iš-ba-za-na;Vispazana;Having all kinds of people;34;;Quality Adjective;Direct;;;
Elamite;Ab-ba-nu-ia-ak-ka4;Apan(i)yāka;Great-great-grandfather;34;Pír-ra-ma-ud-da-ra;Appelative;Direct;;;
Elamite;Pír-ra-ma-da-ra-um;Framātāram;Master, Lord, Commander;34;;Appelative;Direct;;;
Aramaic;Mgwš;Maguš;Magian;34;;Appelative;Direct;;;
Babylonian;Ma-gu-šú;Maguš;Magian;34;;Appelative;Direct;;;
Elamite;Ma-ku-iš;Maguš;Magian;34;;Appelative;Direct;;;
Elamite;Nu-ia-ak-kam;N(i)yākam;Grandfather;34;;Appelative;Direct;;;
Elamite;Da-ak-ka4-bar-ra;Takabarā;Wearing the Petasos Shield;34;Da-ka4-bar-ra-be;Appelative;Direct;;;
Babylonian;Ṣ[i-i]n-ga-[ab]-ru-ú;Xšaçapāvana;Satrap [Thematisation];34-35;;Appelative;Direct;;;
Elamite;Ši-in-ka4-ab-ru-iš;Xšaçapāvana;Satrap [Thematisation];34-36;;Appelative;Direct;;;
Elamite;Iš-du-na-um;Stūnā;Column;36;;Appelative;Direct;;;
Babylonian;Da-šá-ri;Taçara;Palace;36;Ta-áš-ri;Appelative;Direct;;;
Elamite;Da-iz-za-ra-(um);Taçara;Palace;36;Da-za-ra;Appelative;Direct;;;
Elamite;Ha-ra-an-za-na-um;Āranjanam;Colour, Painting materials;36;;Colour and Colour Related;Direct;;;
Elamite;Ka4-bu-u-[da-ka4];Kapautaka;Blue;36;Ka4-ba-ut-tuk-ka4;Colour and Colour Related;Direct;;;
Babylonian;_šá_;_Čā_;And;36;;Conjuction or Preposition;Direct;;;
Elamite;_zí_;_Čā_;And;36;;Conjuction or Preposition;Direct;;;
Elamite;Ha-iz-za;Haçā;Away From;36;;Conjuction or Preposition;Direct;;;
Elamite;Ba-iš-šá-ma;Pasāva;Afterwards… me;36;;Conjuction or Preposition;Direct;;;
Elamite;ud-da;Utā;And;36;;Conjuction or Preposition;Direct;;;
Elamite;Ia-na-a;Yanaiy;Where, Whereon;36;;Conjuction or Preposition;Direct;;;
Elamite;Ha-ri-ik-ka4;Arīka;Unfaithful, Evil;38;;Indication Of Character Traits;Direct;;;
Babylonian;Ar-ta-a-ma;Ạrtāvā;Righteous, Truthful;38;;Indication Of Character Traits;Direct;;;
Elamite;Ir-da-ma;Ạrtāvā;Righteous, Truthful;38;;Indication Of Character Traits;Direct;;;
Aramaic;Ymnš;Ayāumainiš;Weak, Unsteady, Clumsy;38;;Indication Of Character Traits;Direct;;;
Elamite;Ú-za-ra-um;Uçāram;Successful, Well Done;38;;Indication Of Character Traits;Direct;;;
Babylonian;Da-a-ta;Dātā;Law, Decree (Instrumental);38;;Jurdicial Expression;Direct;;;
Elamite;Da-ad-da-ma;Dātā;Law, Decree (Instrumental);38;;Jurdicial Expression;Direct;;;
Babylonian;Da-a-tu;Dātam;Law, Decree (Accusative);38;;Jurdicial Expression;Direct;;;
Elamite;Da-at-tam5;Dātam;Law, Decree (Accusative);38;;Jurdicial Expression;Direct;;;
Elamite;Kur-šá-um;Kạrša;Weight;38;;Metrological Expression;Direct;;;
Elamite;Ha-iš-ši-ia-ti-ia-iš;Āçiyādiya;9th Month;38-39;;Month Name;Direct;;;
Elamite;Ha-du-kán-na-iš-na;Adukana;1st Month;39;;Month Name;Direct;;;
Elamite;Ha-na-mak-kaš;Anāmaka;10th Month;39;;Month Name;Direct;;;
Elamite;Ba-ge-ia-ti-iš;Bāgayādiš;7th Month;39;;Month Name;Direct;;;
Elamite;Kar-ma-bat-taš;Garmapada;4th Month;39;;Month Name;Direct;;;
Elamite;Sa-a-kur-ri-zí-iš;Θāigračīš;3rd Month;39;;Month Name;Direct;;;
Elamite;Mi-ia-kán-na-iš;Viyaxana;12th Month;39;;Month Name;Direct;;;
Elamite;Ia-ka4-um;Yakā;Dalbergia Sassoo;39;;Plant;Direct;;;
Elamite;A-ia-a-e;Ahyāyā;This One;39;;Pronominal Expression;Direct;;;
Elamite;Pír-ra-iz-man-nu-ia;Brazmaniya;Devotion;40;;Religious Expression;Direct;;;
Elamite;Da-a-ma;Daviā;Demon, Idol;40;;Religious Expression;Direct;;;
Elamite;Da-a-ma-da-na-um;Daivadānam;Daiva Temple;40;;Religious Expression;Direct;;;
Elamite;U-mu-mar-ka4;Haumavarga;Laying Hauma Around the Fire;40;;Religious Expression;Direct;;;
Elamite;Ke-ia-da;Kayādā;Black Magic Rituals;40;;Religious Expression;Direct;;;
Elamite;Ia-du;Yātu;Magic, Wizardry;40;;Religious Expression;Direct;;;
Elamite;Ha-um;Āham;I Was;41;;Verbal Expression;Direct;;;
Elamite;Ha-nu;Ahaniy;I Would Be;41;;Verbal Expression;Direct;;;
Elamite;Ha-a-ia-u-da;Ayauda;He Became Rebellious;41;;Verbal Expression;Direct;;;
Elamite;Pír-ra-ma-ut-tam6;Framātam;Commander;41;;Verbal Expression;Direct;;;
Elamite;Bat-ti-ia-man-ia-a;Patiyāvahyaiy;I Prayed To;41;;Verbal Expression;Direct;;;
Elamite;Šá-ud-da;*Šāta;Prosperous;78;;Abstract Expression;Semi-Direct;;;
Elamitic;Mi-iš-šá-da-na-iš-be;*Visadana (Vispanzana);Having all kinds of people;78;Mi-iš-šá-tan-na-iš, Mi-iš-tan-na, +;Quality Adjective;Semi-Direct;;;
Elamite;Mi-iš-ba-da-na-áš-be;*Vispadana (Vispanzana);Having all kinds of people;78;Mi-iš-ba-tan-na;Quality Adjective;Semi-Direct;;;
Aramaic;Wspzn;*Vispazana (Vispanzana, Med);Having all kinds of people;78;;Quality Adjective;Semi-Direct;;;
Elamitic;Mi-iš-ba-šá-na;*Vispazana (Vispanzana, Med);Having all kinds of people;78;Mi-iš-ba-za-na;Quality Adjective;Semi-Direct;;;
Elamite;Da-na-iš-be-na;*Dana-;Tribe;79;;Appelative;Semi-Direct;;;
Aramaic;Mgš;*Maguš;Magian;79;Mgwš;Appelative;Semi-Direct;;;
Babylonian;Ma-gu-še-e;*Maguš;Magian;79;Ma-gu-šu, Ma-gu-šú, Ma-gu-uš;Appelative;Semi-Direct;;;
Elamitic;Ma-ku-iš;*Maguš;Magian;79;;Appelative;Semi-Direct;;;
Elamite;Šá-ak-šá-ba-ma;*Xšaçapāvā;Satrap;79;;Appelative;Semi-Direct;;;
Elamite;Kaš-šá-ka4;*Kāsaka (Med);Semiprecious Stone;79;;Architectural or Technical;Semi-Direct;;;
Elamite;Ka4-si-ka4;*Kāθaka;Semiprecious Stone [Asm];79;;Architectural or Technical;Semi-Direct;;;
Aramaic;Ptkr;*Patikara;Statue;79;;Architectural or Technical;Semi-Direct;;;
Elamite;Nat-ti-kur-ráš;*Patikara;Statue;79;;Architectural or Technical;Semi-Direct;;;
Aramaic;Stwn;*Stūnā;Column;80;;Architectural or Technical;Semi-Direct;;;
Elamite;Da-za-ra;*Tačara;Palace;80;;Architectural or Technical;Semi-Direct;;;
Elamite;Ha-ra-in-za-na-iš;*Āranjana;Colour, Painting Materials;80;;Colour and Colour Related;Semi-Direct;;;
Elamite;Ak-še-na-um;*Axšēna;Turquois;80;;Colour and Colour Related;Semi-Direct;;;
Aramaic;Kpwtk;*Kapautaka;Blue;80;;Colour and Colour Related;Semi-Direct;;;
Elamite;Ia-né;*Yanē (Yanaiy);Where, Whereon;80;I-ia-né;Conjugation;Semi-Direct;;;
Elamite;Ba-zí(-iš);*Bājiš;Tax;80;Ba-zí-iš-šá;Fiscal Expression;Semi-Direct;;;
Babylonian;Ú-'-is-pi-da-a-'-i;*Vispadahyu (Visadahyu, Med);Large and Diverse Land;80;;Geographical Expression;Semi-Direct;;;
Aramaic;Dt;*Dāta-;Law, Decree;80;;Jurdicial Expression;Semi-Direct;;;
Babylonian;Da-a-ta;*Dāta-;Law, Decree;80-81;Da-a-ti. Da-a-tu4;Jurdicial Expression;Semi-Direct;;;
Elamite;Da-tam5;*Dāta-;Law, Decree;81;Da-ut-tam5;Jurdicial Expression;Semi-Direct;;;
Aramaic;Krš;*Kạrša;Weight;81;;Metrological Expression;Semi-Direct;;;
Elamite;Kur-šá-am;*Kạrša;Weight;81;Kur-šá-um;Metrological Expression;Semi-Direct;;;
Elamite;Ha-iš-ši-ia-ti-(-iš);*Āçiyādiš;Āçiyādiš Month;81;Ha-ši-ia-du-iš, Ha-ši-ia-du-iš, +;Month Name;Semi-Direct;;;
Elamite;Ha-iš-ši-ia-ti-ia;*Āçiyādiya;9th Month;82;Ha-ši-ia-ti-ia(-an/-iš);Month Name;Semi-Direct;;;
Elamite;Ha-ši-ha-zí;*Āçīziš (Med);[Hybrid Expression];82;;Month Name;Semi-Direct;;;
Elamite;Ha-du-ge-na;*Akudana;1st Month;82;Ha-du-ka4-na(-iš), Ha-du-Kán-na(-iš);Month Name;Semi-Direct;;;
Elamite;Ha-du-kán-nu(-iš);*Adukani (Adukana);1st Month;82;Ha-du-kin-nu, Ha-da-ka4-nu(-iš);Month Name;Semi-Direct;;;
Elamite;Ha-du-kán-ia(-iš);*Adukanya (Adukana);1st Month;83;Ha-du-kán-na-ia(-iš), +;Month Name;Semi-Direct;;;
Elamite;An-na-ma-ak-ka4;*Anāmaka;10th Month;83;An-na-ma-ak-kaš, An-na-ma-ka4, +;Month Name;Semi-Direct;;;
Elamite;Ba-ge-ha-t[i-iš];*Bāgayādiš (Bāgēdiš);7th Month;84;Ba-ge-ia-ti(-iš), Ba-ge-ti-iš, +;Month Name;Semi-Direct;;;
Elamite;[B]a-ge-ia-ti-iš;*Bāgayādya (Bāgayāda);7th Month;84;Ba-ke-ia-ti-ia-áš;Month Name;Semi-Direct;;;
Elamite;Ba-ge-ha-zí;*Bāgēziš (Bāgēdiš, Med);7th Month;84;Ba-ke-ha-zí-iš;Month Name;Semi-Direct;;;
0;Ka4-ir-ma-bad-da;*Garmapada;4th Month;85;Ka4-ir-ma-ba-taš, Ka4-ma-ba-da-iš, +;Month Name;Semi-Direct;;;
Elamite;Sa-a-ak-kur-ra-zí-iš;*Θāigračīš;3rd Month;85;Sa-a-ak-ri-iz-zí-iš, Sa-a-ik-ra-zí-iš, +;Month Name;Semi-Direct;;;
Elamite;Du-ru-ma-ir;*Θūravār;2nd Month;87;šu-ra-ma-ir, šu-ra-ma-ra, +;Month Name;Semi-Direct;;;
Elamite;Man-ka4-na-iš;*Vīxana (Viyaxana);12th Month;88-89;Mi-ik-ka4-na, Mi-ik-kán-iš, +;Month Name;Semi-Direct;;;
Elamite;Ni-kán-nu-iš;*Vīxani (Vīxana, Varient);12th Month;89;;Month Name;Semi-Direct;;;
Elamite;Mi-ia-ka4-na(-áš/-iš);*Vīyaxana (Viyaxana);12th Month;89;Mi-ia-kán-na(-áš/-iš);Month Name;Semi-Direct;;;
Elamite;Mi-ia-kán-nu-iš;*Viyaxaniš (Vīxana, Varient);12th Month;89;;Month Name;Semi-Direct;;;
Elamite;_me_;*_Mē_ (_Maiy_, Varient);Me, Mine;89;_Mi_;Pronominal Expression;Semi-Direct;;;
Babylonian;Bi-ra-za-am-man-ni-i;*Brazmanī (Brazmaniya);Devotion;89;;Religious Expression;Semi-Direct;;;
Babylonian;Ú-mar-ga;*Haumavarga;Laying Hauma Around the Fire;90;Ú-mar-ga-', Ú-mu-ur-ga-';Religious Expression;Semi-Direct;;;
Elamite;U-mar-ka4;*Haumavarga;Laying Hauma Around the Fire;90;;Religious Expression;Semi-Direct;;;
Aramaic;Drwt;*Druvata;Blessing, Peace;403;;Abstract Expression;Indirect;;;
Aramaic;Dwšwn;*Dušvan;Of Evil Desire, Ill Willed;403;;Abstract Expression;Indirect;;;
Elamite;Pír-ra-um-pi-ram;*Frampram;Agitation, Chaos;403;;Abstract Expression;Indirect;;;
Aramaic;Zwk;*Jauka;Heap, Group;403-404;;Abstract Expression;Indirect;;;
Aramaic;Mw;*Māva;Happiness;404;;Abstract Expression;Indirect;;;
Elamite;Bar-ri-iš-da-ma-na;*Paristāvana;Company, Care;404;Bar-ri-iš-da-u-na, Bar-ri-iš-tam¬-na;Abstract Expression;Indirect;;;
Aramaic;Wpst';*Upastā;Support;404; 'Wpst-h;Abstract Expression;Indirect;;;
Aramaic;Zn;*Zana;Tribe;404;;Abstract Expression;Indirect;;;
Aramaic;Zrz;*Zraza;To Give Faith;404;;Abstract Expression;Indirect;;;
Aramaic; 'Prytr;*Āfrītara;More Praised/ More Blessed;404;;Quality Adjective;Indirect;;;
Aramaic; 'Zt;*Āzāta;Free;404;;Quality Adjective;Indirect;;;
Elamite;Va-ri(-iš);*Bārīš;Of Noble, High Quality;404-405;;Quality Adjective;Indirect;;;
Aramaic;Dmy;*Dāmya;Of The House, Hommon;405;;Quality Adjective;Indirect;;;
Elamite;Pír-ra-tam6-ma;*Fratama-;Foremost, Noble;405;;Quality Adjective;Indirect;;;
Elamite;Pír-ra-tam5-mi-ia-iš;*Fratamya;Of The Best Quality;405;;Quality Adjective;Indirect;;;
Aramaic;Gst;*Gasta;Bad, Evil (Word);405;;Quality Adjective;Indirect;;;
Elamite;Ik-na-tur-ráš;*Gnādra;Odoriferous;405;;Quality Adjective;Indirect;;;
Aramaic;Mdm;*Madama;Medium Size;405;;Quality Adjective;Indirect;;;
Aramaic;Mnwbr;*Manaubara;Respectful;405;;Quality Adjective;Indirect;;;
Aramaic;Mzd';*Mazdā;Wise, Intelligent;405;;Quality Adjective;Indirect;;;
Elamite;Nu-šá-ka4-ma-ka4;*Nišakavaka;Low Humped;405-406;Nu-ut-tam5-ma;Quality Adjective;Indirect;;;
Elamite;Nu-tam5-maš;*Nitama;Of Low Quality;406;;Quality Adjective;Indirect;;;
Aramaic;Ptstw;*Patistāva;Praiseworthy, Praised;406;;Quality Adjective;Indirect;;;
Elamite;Ba-ti-ma-nu-ia(-áš);*Pativanya;Exceeding, Eminent;406;;Quality Adjective;Indirect;;;
Elamite;Pu-ud-da;*Pūta;Rotten;406;;Quality Adjective;Indirect;;;
Elamite;Ra-mi-ia(-um);*Ramya;Fine, Refined, Delicate;406;;Quality Adjective;Indirect;;;
Elamite;Re-Ba-iš;*Rēba;Tricky, To Little;406;;Quality Adjective;Indirect;;;
Elamite;Te-ez-za-ma-in-da;*Težavant;Short Tempered, Irascible.;406;;Quality Adjective;Indirect;;;
Aramaic; 'Pyty;*Upaiti;Necessary;406;;Quality Adjective;Indirect;;;
Aramaic; 'sprn;*Upṛma;In Full, Entire;406-407; 'šprn;Quality Adjective;Indirect;;;
Elamite;Ú-iš-bar-na-iš-be;*Upṛma;In Full, Entire;406-407;Ú-iš-pír-na-iš-be;Quality Adjective;Indirect;;;
Elamite;Ma-hu-iš;*Va(h)uš;Good;407;;Quality Adjective;Indirect;;;
Elamite;Ma-nu-ia;*Vanya;Exceeding, Emminent;407;;Quality Adjective;Indirect;;;
Elamite;Ma-ri-ia(-um);*Varya;Very Good, Exellent;407;;Quality Adjective;Indirect;;;
Elamite;Mi-iš-[k]a4-ir-taš;*Vēskṛta;Made Better;407;;Quality Adjective;Indirect;;;
Aramaic;Dšn;*Dāšna;Gift, Grant;407;;Administrative or Political;Indirect;;;
Elamite;Daš-na;*Dāšna;Gift, Grant;407;;Administrative or Political;Indirect;;;
Elamite;Ha-da-iz-za-na;*Hadajana;Extra Ration, Extra Portion;407-408;Ha-da-za-na(-iš/-um), Ha-da-zí-na, +;Administrative or Political;Indirect;;;
Aramaic;Hmyt;*Hamyati;Government, Rule;408;;Administrative or Political;Indirect;;;
Aramaic;Hndrz;*Handarza;Instruction, Order;408;;Administrative or Political;Indirect;;;
Elamite;Ka4-ma-ak-ka4;*Kāmaka;Reward, Bonus;408;Ka4-ma-ak-kaš, Ka4-ma-ak-ku, +;Administrative or Political;Indirect;;;
Babylonian;Ka-al-am-ma-ri;*Kāra(h)māra;Register;408;Ka-ra-am-ma-ri, Kar-ri-ma-ru;Administrative or Political;Indirect;;;
Elamite;Ka4-ra-am-ma-ráš;*Kāra(h)māra;Register;408-409;Ka4-ra-ma-ra, Ka4-ra-ma-ráš;Administrative or Political;Indirect;;;
Elamite;Na-mi-ka4(?)-ra(?)-an-na;*Nāmikara;Exceptional Prestation;409;;Administrative or Political;Indirect;;;
Aramaic;Nštwn;*Ništāvana;Instruction, Command;409;;Administrative or Political;Indirect;;;
Elamite;Ba-iš-šá-ba-ra;*Pasābara;Provisions, Supplies;409;Ba-iš-šá-ba-ráš, Ba-šá-ba-ra, +;Administrative or Political;Indirect;;;
Aramaic;Psšdt;*Pasčadāta;After-Gift;409;;Administrative or Political;Indirect;;;
Babylonian;Pa-se-et;*Pasēta;After-Share;409;;Administrative or Political;Indirect;;;
Elamite;Ba-iz-[zí?]-ik-nu-iš;*Patičagniš;Copy;410;Bat-ti-ka4-maš;Administrative or Political;Indirect;;;
Aramaic;Ptgm;*Patigāma;Message, Report;410;;Administrative or Political;Indirect;;;
Elamite;Bat-ti-ka4-ma;*Patigāma;Message, Report;410;Bat-ti-ka4-maš;Administrative or Political;Indirect;;;
Elamite;Ba-sa-zí-iš;*Paθāčīš;What Is Collected Afterwards;410;;Administrative or Political;Indirect;;;
Aramaic;Ptp;*Piθfa;Ration;410;;Administrative or Political;Indirect;;;
Elamite;Ra-a-pi-iš;*Raifiš;Support, Ration Compliment;410;;Administrative or Political;Indirect;;;
Elamite;Mi-ma-na-um;*Vimāna;Balance, Inventory Control;410;;Administrative or Political;Indirect;;;
Elamite;A-ma-nu-iš;*Vimanī (Vimāna);Balance, Inventory Control;410;;Administrative or Political;Indirect;;;
Elamite;Mi-ia-tuk-ka4;*Viyātika;Travel Autorisation;410-411;Mi-ia-tuk-kaš;Administrative or Political;Indirect;;;
Elamite;Za-a-na-um;*Zaina;Bonus, Reward;411;;Administrative or Political;Indirect;;;
Aramaic; 'pm;*Apam;From now on, Henceforth;411;;Adverb or Preposition;Indirect;;;
Aramaic; 'zd;*Azdā;Known;411;;Adverb or Preposition;Indirect;;;
Aramaic;Hmwnyt;*Hamaunitā;In Agreement With;411;;Adverb or Preposition;Indirect;;;
Aramaic;Zwym;*Javyam;Fast, Quick;411;;Adverb or Preposition;Indirect;;;
Elamite;Zí-mi;*Jīvī (Jīviya, Varient);Alive, Livley?;411;;Adverb or Preposition;Indirect;;;
Elamite;Zí-ma-ia;*Jīvaya;Personally;412;;Adverb or Preposition;Indirect;;;
Aramaic;Prtr;*Paratar;Aloud, Openly;412;;Adverb or Preposition;Indirect;;;
Elamite;Ia-mi-da-um;*Yāvītam;Constant, Continual;412;;Adverb or Preposition;Indirect;;;
Aramaic;Bšwn;*Abišavana;Pestle;412;;Agricultural Expression;Indirect;;;
Aramaic; 'Spmng;*Aspamanga;Ropes, Cords of Horses;412;;Agricultural Expression;Indirect;;;
Elamite;Ba-ra-man-nu-iš;*Baramaniš;Wearing a Collar, Neckband;412;;Agricultural Expression;Indirect;;;
Elamite;Ba-ri(-iš);*Bārīš;Of Noble, High Quality?;412;;Agricultural Expression;Indirect;;;
Elamite;Ba-ri-ia(-iš);*Bāriya;Pack of Horses;412;;Agricultural Expression;Indirect;;;
Aramaic;Šrk;*Čarka;Grazing;412;;Agricultural Expression;Indirect;;;
Elamite;Za-ra-kaš;*Čarka;Grazing;412;Za-rák-ka4, Za-rák-kaš;Agricultural Expression;Indirect;;;
Elamite;Ge-a-sa-iš-da-na;*Gaiθastāna;Place for Flocks;412-413;Ge-hi-sa-iš-[da-na];Agricultural Expression;Indirect;;;
Elamite;Ha-ut-re-maš;*Haθrava;Mating;413;;Agricultural Expression;Indirect;;;
Aramaic;Hwn;*Havana;Mortar;413;;Agricultural Expression;Indirect;;;
Elamite;Ka4-pi-ia-iš;*Kafya;Seeds;413;;Agricultural Expression;Indirect;;;
Elamite;Mar-da;*Varda;Seeds;413;;Agricultural Expression;Indirect;;;
Elamite;Mi-ia-du-iš;*V(i)yāduš;Seed, Aussaat;413;;Agricultural Expression;Indirect;;;
Babylonian;Zi-im-ba(-ni/nu);*Zamba;Silt, Loam;413;Zim-ba-nu-ú;Agricultural Expression;Indirect;;;
Elamite;Ha-ti-ka4;*Ātika;Duck;413;;Animal;Indirect;;;
Elamite;Ši-ra-da-ak-ka4;*Çīrataka;Nice Running Horse;413;;Animal;Indirect;;;
Elamite;Da-av-rák-kaš;*Dabraka;Black Poultry;413-414;;Animal;Indirect;;;
Elamite;Ma-a-kur-ti-ia;*(H)uvagṛdya;House Raised Animal;414;;Animal;Indirect;;;
Elamite;Ma-a-kur-ti-ia-nu-iš;*(H)uvagṛdyni (Varient);House Raised Animal;414;;Animal;Indirect;;;
Elamite;Ba-nu-ia-še;*Pānīya;Young Animal;414;;Animal;Indirect;;;
Elamite;Šá-u-šu-ka4;*Sausuka;A Type of Fowl;414;;Animal;Indirect;;;
Babylonian;Ma-šá-a-ka;*Važaka;Draft-animal;414;Ma(?)-šá(?)-ka, Ma-šá-ku;Animal;Indirect;;;
Elamite;Mi-iš-ši-ia-da-ud-da;*Visyadāta;House Born;414;;Animal;Indirect;;;
Elamite;Šá-ir-nu-iz-za;*Zarniča (Med);Type of Fowl;414;Zir-un-nu-iz-za;Animal;Indirect;;;
Elamite;Ab-ba-uk-ka4-iš;*Ābaugā;Who Releases, Midwife;414-415;;Appelative;Indirect;;;
Elamite;Ha-be-ez-zí-ia;*Abēčiya;Irrigator, Irrigation Device;415;Ha-be-zí-ia, Ha-be-ez-zí-iš;Appelative;Indirect;;;
Aramaic;Bšwk;*Abišavaka;Presser;415;;Appelative;Indirect;;;
Elamite;Ha-za-ir-na-ka4-ra;*Ačarnakara;Carpenter;415;;Appelative;Indirect;;;
Elamite;Ha-an-ma-ir-na-bat-ti-iš;*Āhvarnapatiš;Court Equerry;415;Ha-ma-ir-na-bat-ti-iš;Appelative;Indirect;;;
Elamite;Ap-pi-da-na-bar-ra;*Āpidānabara;Who Supervises the Reservoir;415;;Appelative;Indirect;;;
Elamite;Ap-pi-ia-ik-šá-ba;*Apiyāxšapā;Protector of Supervisors;415;;Appelative;Indirect;;;
Elamite;Ab-bar-na-ba-ráš;*Āpṛnabara;Head of The Wine Cellar;415-416;Ab-bar-na-bar-ra, Ab-bar-na-bar-ráš, +;Appelative;Indirect;;;
Elamite;Ha-ir-da-ka4-na;*Ārdakana;Miller;416;;Appelative;Indirect;;;
Elamite;Áš-šá-ba-ti-iš;*Asapatiš;Horse Master;416;Áš-šábat-ti-iš;Appelative;Indirect;;;
Babylonian;As-pa-as-tu-ú-a;*Aspasθva;Horse Feeder;416;;Appelative;Indirect;;;
Elamite;An-tar-ma-šá;*Ātṛvaxša;Second Priest in A Temple;416;Ha-tar-ma-ak-šá, Ha-tar-mak-šá, +;Appelative;Indirect;;;
Elamite;At-ru-bat-ti(-iš);*Āθravapatis;High Priest;417;Ha-tar-ma-bat-ti-iš, Ha-tar-ru-bat-ti-iš, +;Appelative;Indirect;;;
Aramaic; 'Zdkr;*Azdakara;Herald;417;;Appelative;Indirect;;;
Babylonian;Az-da-kar-ri;*Azdakara;Herald;417;;Appelative;Indirect;;;
Elamite;Ba-zí-ka4-ra;*Bājikara;Tax Official;417;;Appelative;Indirect;;;
Elamite;Ba-nu-ka4;*Bānūkā;Lady, Queen;417;;Appelative;Indirect;;;
Elamite;Ba-ra-bar-ráš;*Bārabara;He Who Carries A Load;417;;Appelative;Indirect;;;
Elamite;Ba-re-kur-ráš;*Bārēkarā;She Who Carries A Load;417;;Appelative;Indirect;;;
Elamite;Ba-re-kur-ri-iš;*Bārēkarīš;She Who Carries A Load;417;;Appelative;Indirect;;;
Aramaic;Brykr;*Bāryakara;Artisan, Artist;417-418;;Appelative;Indirect;;;
Elamite;Ba-re-kur-ráš;*Bāryakara;Artisan, Artist;417-418;;Appelative;Indirect;;;
Elamite;Za-ut-tur-ra-mar-taš;*Čaθrupatiš;Group of Four Workmen;418;;Appelative;Indirect;;;
Elamite;Da-a-u-bat-iš;*Dahyupatiš;Governer, Viceroy;418;Da-i-bat-ti-iš, Da-ú-bat-ti-iš;Appelative;Indirect;;;
Elamite;Da-hi-ut-tuk-ti-iš;*Dahyutūxtiš;Compensator, often of Land;418;;Appelative;Indirect;;;
Elamite;Da-šá-bat-ti-iš;*Dasapatiš (Med);Decurion;418;;Appelative;Indirect;;;
Babylonian;Da-áš-ši-ia;*Dašiya;Expert;418;Da-ši-ia;Appelative;Indirect;;;
Aramaic;Dtbr;*Dātabara;Judge;418;;Appelative;Indirect;;;
Babylonian;Da-a-ta-ba-ra;*Dātabara;Judge;418-419;Da-a-ta-ba-ri, Da-ta-ba-ra, +;Appelative;Indirect;;;
Elamite;Da-ud-da-bar-ra;*Dātabara;Judge;418-419;;Appelative;Indirect;;;
Elamite;Da-at-ti-ma-ra;*Dāti(h)māra;Road Counter;419;Da-at-ti-ma-ráš, Da-at-ti-mar-ra, +;Appelative;Indirect;;;
Elamite;Da-at-ti-iš-ma-ráš;*Dātiš(h)māra (Dāti(h)māra);Road Counter;419;;Appelative;Indirect;;;
Elamite;Da-sa-bat-ti-iš;*Daθapatiš;Decurion;419;;Appelative;Indirect;;;
Elamite;Du-mak-ka4-ip;*Davaka;Cleaner;419;Du-ma-kaš;Appelative;Indirect;;;
Elamite;Ti-da-bat-ti-iš(-be);*Didāpatiš;Fortress Commander;419;Ti-ud-da-bat-ti-iš-be;Appelative;Indirect;;;
Babylonian;Di-dak-tu;*Did(i)yaka;Supervisor;419-420;;Appelative;Indirect;;;
Elamite;Ti-te-ka4-be;*Did(i)yaka;Supervisor;419-420;Ti-te-kaš-be, Ti-ti-ia-kaš-be, +;Appelative;Indirect;;;
Elamite;Du-ik-ši-iš;*Duxçīš;Princess;420;Du-uk-ši-iš;Appelative;Indirect;;;
Elamite;Pa-sa-na-bat-ti-iš;*Faθānapatiš;Chief of The Good Groomers;420;;Appelative;Indirect;;;
Aramaic;Prmnkr;*Framānakara;Foreman;420;;Appelative;Indirect;;;
Elamite;Pír-ra-ma-na-kar-ra;*Framānakara;Foreman;420;Pír-ra-ma-na-kur-ráš;Appelative;Indirect;;;
Elamite;Pír-ra-ma-iz-da;*Framazdā;Outstanding Memorizer;420;;Appelative;Indirect;;;
Babylonian;Ip-ra-sa-k[a-nu];*Fraska [Frasakara];Investigator;420-421;Ip-ra-sak-ku;Appelative;Indirect;;;
Elamite;Pír-ra-iš-šá-ik-ka4;*Fraska [Frasakara];Investigator;420-421;;Appelative;Indirect;;;
Elamite;Pír-ra-šá-kur-ra;*Frasakara;Investigator;421;;Appelative;Indirect;;;
Elamite;Pi-ra-da-iz-zí-iš;*Fratačiš;Express Runner;421;Pír-ra-da-iz-zí-iš, Pír-ra-da-su(-iš), +;Appelative;Indirect;;;
Aramaic;Ptrk;*Frataka;Foremost;421;;Appelative;Indirect;;;
Aramaic;Prtrk;*Frataraka;Governer;421;;Appelative;Indirect;;;
Elamite;Pír-ra-sa-na-iš;*Fraθāna;Stone Cutter, Burnisher;421;;Appelative;Indirect;;;
Elamite;Pír-ra-ia-áš;*Frāya;Superior;422;;Appelative;Indirect;;;
Aramaic;Prypt;*Fryapati;Chief of  The Beloved;422;;Appelative;Indirect;;;
Babylonian;Ge-te-pa-tu4;*Gaiθapatiš;Livestock Overseer, Assayer;422;;Appelative;Indirect;;;
Elamite;Ge-sa-bat-ti-iš;*Gaiθapatiš;Livestock Overseer;422;Ge-šu-bat-ti-iš, Ka4-a-sa-bat-ta[š], +;Appelative;Indirect;;;
Elamite;Kán-da-bar-ra;*Gandabara;Treasurer;422;;Appelative;Indirect;;;
Aramaic;Gnzbr';*Ganzabara (Gandabara, Med);Treasurer;422;;Appelative;Indirect;;;
Babylonian;Gan-za-ba-ru;*Ganzabara (Gandabara, Med);Treasurer;422;;Appelative;Indirect;;;
Elamite;Ka4-an-za-ba-ra;*Ganzabara (Gandabara, Med);Treasurer;422;Ka4-in-za-ba-ra, Kán-za-bar-ra;Appelative;Indirect;;;
Elamite;Kán-za-ba;*Ganzapā (Med);Treasury Protector;423;;Appelative;Indirect;;;
Elamite;Ka4-du-ka4-bar-ra;*Gāθukabara;Throne/Chair Carrier;423;;Appelative;Indirect;;;
Elamite;Kam-ka4-ti-ia-iš;*Gaukaθyā;Cowboy;423;;Appelative;Indirect;;;
Aramaic;Gwšk;*Gaušaka;Informer, Spy;423;;Appelative;Indirect;;;
Aramaic;Grd;*Gṛda;Domestic Staff, Workman;423;;Appelative;Indirect;;;
Babylonian;Ga-ar-da;*Gṛda;Domestic Staff, Workman;423;Ga-ar-du;Appelative;Indirect;;;
Elamite;Ki-ir-za-ip;*Gṛda;Domestic Staff, Workman;423;Kur-taš, Ku-ir-za-ap, Kur-za(-ap, -ip), +;Appelative;Indirect;;;
Elamite;Kur-da-ka4-ra;*Gṛdakara;Master Builder;423-424;;Appelative;Indirect;;;
Babylonian;Ga-ar-da-pa-ta;*Gṛdapatiš;Majordomus, Steward;424;Ga-ar-da-pa-tu4, Ga-ar-du-pa-tu4;Appelative;Indirect;;;
Elamite;Kur-da-bat-ti-iš;*Gṛdapatiš;Majordomus, Steward;424;;Appelative;Indirect;;;
Aramaic;Hmrkr;*Hamārakara;Accountant;424;;Appelative;Indirect;;;
Babylonian;Am-ma[r-];*Hamārakara;Accountant;424;Am-ma-ri-a-kal. Am-ma-ri-a-ka-ri, +;Appelative;Indirect;;;
Elamite;Am-ba-ra-ba-ráš;*Hambārabara;Warehouse Manager;425;Am-ba-ra-bar-ra, Am-ba-ra-bar-ráš;Appelative;Indirect;;;
Aramaic;Hnbg;*Hanbaga;Partner in Realty;425;;Appelative;Indirect;;;
Aramaic;Hngyt;*hangaiθa;Partner in Chattel;425;;Appelative;Indirect;;;
Aramaic;Hptḥpt;*Haptaxvapātā (EI)';Gaurd of the Severnth World;425;;Appelative;Indirect;;;
Babylonian;A-ra-za-pa-na-ta-šú;*Harzapanta;Messenger;425;;Appelative;Indirect;;;
Elamite;Har-tar-re-man-nu;*Haθramanī;Follower, Adherent;425;;Appelative;Indirect;;;
Elamite;Ag-ge-ia;*Haxāya;Helper, Companion, Friend;425-426;Ak-ka4-a, Ak-ka4-a-ia, Ak-ka4-e(-iš), +;Appelative;Indirect;;;
Elamite;E-ez-za-ba-na;*Hēzapāna;Protector of Barrels;426;;Appelative;Indirect;;;
Babylonian;Ḫu-te-ba-nu;*Hūtibānuš;Lustre of The Craftsmen;426;Ḫu-ti-ba-nu;Appelative;Indirect;;;
Elamite;Mar-šá-ba-ra;*(H)uvaršabara;Quatermaster;426;Mar-šá-bar-ra;Appelative;Indirect;;;
Elamite;Hi-ra-ku-ráš-šá;*Irakara;Commissioner;426;Hi-ra-kur-ra;Appelative;Indirect;;;
Elamite;Ka4-ra-ba-ti-iš;*Kārapatiš;Guide;426;Ka4-ra-bat-ti-iš;Appelative;Indirect;;;
Aramaic;Krtk;*Kāratāka;Traveller;426-427;;Appelative;Indirect;;;
Elamite;Kur-nu-ik-kaš-be;*Kṛnūka;Stonemason;427;Kur-nu-ka4, Kur-nu-kaš-be;Appelative;Indirect;;;
Elamite;Man-tur-ra-bat-ti-iš;*Mandrapatiš;Equerry of Horse Food;427;;Appelative;Indirect;;;
Elamite;Ma-ri-pír-ráš;*Maribara;Cellar Master;427;;Appelative;Indirect;;;
Elamite;Ma-ti-iš-tuk-kaš;*Maθištaka;Chief, Director;427;;Appelative;Indirect;;;
Elamite;Na-pa-šc;*Nāfa;Family;427;;Appelative;Indirect;;;
Aramaic;Npt;*Nāupati;Shipmaster;427;Nwpt;Appelative;Indirect;;;
Elamite;Na-mar-ka4-ra;*Nāvarakara;Rope maker;427;Na-um-mar-ra-kur-ráš-be;Appelative;Indirect;;;
Elamite;Nu-ma-ka4-ip;*Nōvaka;Yarn Spinner;427-428;Nu-ma-kaš;Appelative;Indirect;;;
Elamite;Be-a-ši-iš-kur-ra-ip;*Paiθīškara;Jewel Maker;428;Be-ši-iš-kur-ráš-be;Appelative;Indirect;;;
Babylonian;Pa-ra-as-ta-a-mu;*Parastama;Foremost, First Ranked;428;Pa-ra-as-ta-mu;Appelative;Indirect;;;
Elamite;Ba-ri-iš-da-ma(-be);*Paristāva;Travelling Companion;428;Bar-ri-iš-da-ma(-ip);Appelative;Indirect;;;
Elamite;Ba-iš-za-da-sa-bat-ti-iš;*Paščadaθapatiš;Vice-Decurion;428;;Appelative;Indirect;;;
Aramaic;Ptprs;*Patifrāsa;Investigator, Interrogator;428;Ptyprs;Appelative;Indirect;;;
Elamite;Bat-ti-za-na-in-da;*Patijnanta;He Who Strikes Back;428-429;;Appelative;Indirect;;;
Aramaic;Ptkrkr;*Patikarakara;Sculptor;429;;Appelative;Indirect;;;
Elamite;Bat-ti-ma-nu(-iš);*Pātimānīs;Guard;429;;Appelative;Indirect;;;
Elamite;Ba-ti-iš-mar-na-bar-ra-is;*Patišuvarnabara;Drinking Cup;429;;Appelative;Indirect;;;
Elamite;Pi-iš-da-kur-da;*Pistakara;Miller;429;;Appelative;Indirect;;;
Elamite;Pi-iš-ti-ia;*Pistya;Flower preparer;429;;Appelative;Indirect;;;
Babylonian;Pi-it-pi-[ba]-ga;*Piθfabaga;Provisions Distributor;429-430;Pi-ti-pa-ba-ga;Appelative;Indirect;;;
Aramaic;Ptpkn;*Piθfakāna;Ration Deliverer ;430;;Appelative;Indirect;;;
Aramaic;Rytky';*Raitaka;Young Servant;430;;Appelative;Indirect;;;
Elamite;Ra-mi-kur-ráš;*Ramīkara;Delicate Worker (Masc);430;;Appelative;Indirect;;;
Elamite;Ra-mi-kur-ráš;*Ramīkarā;Delicate Worker (Fem);430;;Appelative;Indirect;;;
Elamite;Ra-mi-kur-ri-iš ;*Ramīkarīš (Ramīkara);Delicate Worker;430;;Appelative;Indirect;;;
Elamite;Ra-ti-iš -be;*Ratiš;Willing to Serve, Servant;430;;Appelative;Indirect;;;
Elamite;Ra-za-be;*Razā;Bricklayer, Mason;430;;Appelative;Indirect;;;
Elamite;Ra-za-ak-ka4;*Razaka;Painter;430;;Appelative;Indirect;;;
Elamite;Ra-za-ka4-ra;*Razakara;Vineyard Keeper;430;;Appelative;Indirect;;;
Elamite;Ir-iš-da-ba-zí-iš-be;*Ṛstabājiš;Tax Administration Official;430;Ru-iš-da-ba-zí-iš-be;Appelative;Indirect;;;
Babylonian;Áš-ta-bar-ra;*Ṛštibara;Lance Barer;430-431;Áš-te-ba-ri-an-na;Appelative;Indirect;;;
Elamite;Ir-iš-ti-bar-ra;*Ṛštibara;Lance Barer;430-431;Ir-ti-bar-ra, Iš-ti-ba-ra, Iš-ti-bar-na;Appelative;Indirect;;;
Aramaic;Srkrn;*Darakāra;Chief;431;;Appelative;Indirect;;;
Elamite;Še-ia-zí-ba;*Sāyačapā;Shepard;431;;Appelative;Indirect;;;
Aramaic;Sptkn;*Spitakana;Whitewasher;431;;Appelative;Indirect;;;
Aramaic;Typt;*Tīpati;Chief of The Gaurds;431;;Appelative;Indirect;;;
Elamite;Sa-ad-da-bat-ti-iš;*Θatapatiš;Centurion;431-432;Sa-da-bat-ti-iš;Appelative;Indirect;;;
Elamite;Uk-ba-ban-tuk-kaš;*Upabandaka;Servant Supervisor;432;;Appelative;Indirect;;;
Aramaic; 'Pdyt;*Upadaiti;Supervisor, Inspector;432;;Appelative;Indirect;;;
Elamite;Ap-pa-de-tu4;*Upadaiti;Supervisor, Inspector;432;Up-pa-de-e-ti;Appelative;Indirect;;;
Aramaic; 'Pgnzbr;*Upaganzabra;Assistant Treasurer;432;;Appelative;Indirect;;;
Elamite;Hu-ba-za-nu-ia-iš;*Upajan(i)ya;Police Officer;432;Ib-za-nu-ia-ip, Uk-ba-za-nu-ia-ip;Appelative;Indirect;;;
Elamite;Uk-ba-a-in-za-kar-ráš;*Upānjakara;Ointment Maker;432;;Appelative;Indirect;;;
Elamite;Uk-ba-[ha]-iš(?)-šá;*Upāsa;Groom;433;Uk-ba-áš-šá;Appelative;Indirect;;;
Elamite;Ib-ba-ma-ut-ku-iš;*Upāvatguš;Cattle Assistant;433;Uk-ba-ha-hu-ut-ku-iš, +;Appelative;Indirect;;;
Babylonian;Uā-ta-ba-ri;*Uštabāra;Oxen Driver;433;;Appelative;Indirect;;;
Babylonian;Uš-ta-'-ma-[nu];*Uštayama;Scribe;433;Uš-te-'-ma-nu, Uš-te-ia-a-am-ma-nu, +;Appelative;Indirect;;;
Aramaic;Wršbr;*Varčabara;Worker, Work Supervisor;433-434;;Appelative;Indirect;;;
Elamite;Mar-da(-um);*Varda;Workman;434;;Appelative;Indirect;;;
Elamite;Mar-da-mar-da-um;*Vardavarda;Sower;434;;Appelative;Indirect;;;
Babylonian;Ú-ma-as-pi-it-ru-ú;*Vāsapuθrava;Of The Crown Prince;434;;Appelative;Indirect;;;
Babylonian;Ú-ma-as-ta-ar-ba-ra-';*Vastrabara;Chamberlain;434-435;Us-ta-ar-ba-ri, Us-ta-ar-pa-ri, +;Appelative;Indirect;;;
Elamite;Mi-da-ba-kaš;*Vīdabāga;Gardener;435;;Appelative;Indirect;;;
Elamite;Mi-da-bar-ra;*Vīdabara;Knowledge Bringer, Advisor;435;;Appelative;Indirect;;;
Babylonian;Mid-ip-ra-a-su;*Vīdafrāsa;Interrogation Expert;435;Mid-pa-ra-su, Mi-id-ip-ra-zu;Appelative;Indirect;;;
Elamite;[M]i-ra-ma-ra;*Vīra(h)māra;Army Inspector;436;;Appelative;Indirect;;;
Elamite;Mi-šá-kaš-be;*Visaka (Med);Royal Palace Inspector;436;;Appelative;Indirect;;;
Demotic;Wyspwṱr;*Vis(a)puθra (Viθapuça, Med);Crown Prince;436;;Appelative;Indirect;;;
Babylonian;Ú-zu-ut-ta-bar-ra;*Visūtabara;Interest Collector;436;;Appelative;Indirect;;;
Elamite;Mi-sa-pu-šá-be;*Viθapuça;Crown Prince;436;;Appelative;Indirect;;;
Babylonian;Ú-mar-za-na-pa-ta;*Vṛzanapati (Med);City Governer;436;;Appelative;Indirect;;;
Lycian;Χssadrapa;*Xšaθrapā;Satrap;436;Χssaθrapa;Appelative;Indirect;;;
Aramaic;Ḥštrpn';*Xšaθrapāna (Med);Satrap;436;;Appelative;Indirect;;;
Babylonian;Aḫ-šá-ad-ra-pa-nu;*Xšaθrapāna (Med);Satrap;436;Aḫ-šá-da-ra-pa-nu, [Aḫ-šád?]-ra-pa-nu;Appelative;Indirect;;;
Demotic;Ḫštrpn;*Xšaθrapāna (Med);Satrap;436-437;Iḫštrpny;Appelative;Indirect;;;
Elamite;Kur-ri-iš-kar-ra-iš;*Xvarīškara;Quatermaster;437;;Appelative;Indirect;;;
Aramaic;Ytkr';*Yātakara;Ration Assigner;437;;Appelative;Indirect;;;
Elamite;Za-ir-nu-pa-sa-iš;*Zarnīpaθa (med);Gold Depositer;437;;Appelative;Indirect;;;
Aramaic; 'Šrn;*Āčarna;Furniture, Equiptment;437;;Architectural or Technical;Indirect;;;
Elamite;Ha-za-ir-na(-um);*Āčarna;Furniture, Equiptment;437;Ha-za-ra-an-na;Architectural or Technical;Indirect;;;
Elamite;Ha-ta-na;*Ādēna;Decoration, Ornament;437;;Architectural or Technical;Indirect;;;
Elamite;Ha-pi-da-nu-iš;*Apidānīš;Water Container, Reservoir;437;Ha-pi-in-da-nu-iš, Ha-pi-tam5-nu-iš;Architectural or Technical;Indirect;;;
Aramaic;[']stwdnh;*Astaudāna;Tomb, Grave;438;;Architectural or Technical;Indirect;;;
Aramaic;Brzmdn;*Brazmadāna;Temple, Shrine;438;;Architectural or Technical;Indirect;;;
Elamite;Šu-ib-maš;*Çubva;Lead;438;;Architectural or Technical;Indirect;;;
Elamite;Ti-ud-da;*Didā;Fortress;438;;Architectural or Technical;Indirect;;;
Elamite;Kán-za-um-nu-da-nu-iš;*Ganzamnidānīš;Treasure Storeroom;438;;Architectural or Technical;Indirect;;;
Babylonian;Ḫa-an-ba-ra;*Hambāra;Warehouse;438-439;;Architectural or Technical;Indirect;;;
Elamite;Am-ba-ráš;*Hambāra;Warehouse;438-439;Ha-ba-ráš;Architectural or Technical;Indirect;;;
Elamite;Am-ba-ri-ia-iš;*Hambāriya (*Hambāra);Warehouse;439;;Architectural or Technical;Indirect;;;
Aramaic;Hndwn;*Handaunā;Varnish;439;;Architectural or Technical;Indirect;;;
Elamite;An-du-na-iš;*Handaunā;Varnish;439;;Architectural or Technical;Indirect;;;
Aramaic;Hnpn;*Hanpanā;Roofed Passage;439;;Architectural or Technical;Indirect;;;
Aramaic;Ngrbt;*Nāugrabata;Boat Catcher;439;;Architectural or Technical;Indirect;;;
Aramaic;Nwz[yn];*Nāuvaza;Sail;439;;Architectural or Technical;Indirect;;;
Elamite;Na-da-nu-ia-iš;*Nidāniya;Warehouse, Storeroom;439;Nu-da-nu-iš;Architectural or Technical;Indirect;;;
Elamite;Nu-tan-nu-iš;*Nitanya;Viehhof, Cattle Place;439-440;Nu-tan-ia-áš, +;Architectural or Technical;Indirect;;;
Elamite;Ba-ri-ba-taš;*Paribāda;Protective Enclosure;440;Bar-ri-ba-taš;Architectural or Technical;Indirect;;;
Aramaic;Prbr;*Paribāra;Roofed Place;440;;Architectural or Technical;Indirect;;;
Elamite;Ba-ri-ba-ráš;*Paribāra;Roofed Place;440;Ba-ri-ba-ráš, Ba-ri-pa-ráš, +;Architectural or Technical;Indirect;;;
Aramaic;Prkn;*Parikāna;Wall;440;;Architectural or Technical;Indirect;;;
Elamite;Da-pu-iš-ka4-um;*Tapuška;Brick;440;;Architectural or Technical;Indirect;;;
Elamite;Da-ak-tuk-kaš;*Taxtaka;Throne;440;;Architectural or Technical;Indirect;;;
Aramaic; 'wpšr;*Upačāra;Acomplishment Needs;440-441;;Architectural or Technical;Indirect;;;
Aramaic; 'wpkrt;*Upakṛta;List of Materials, Reckoning;441;;Architectural or Technical;Indirect;;;
Aramaic;Ywdn;*Yaudāna;Grain House, Grain Container;441;;Architectural or Technical;Indirect;;;
Aramaic;Zmyk;*Zarn(i)yaka (Med);Arsenic;441;;Architectural or Technical;Indirect;;;
Aramaic; 'hšynpyn;*Axšainafaina;Blue-Green, Turqouise;441; 'Ḥšynpn;Colour and Colour Related;Indirect;;;
Aramaic;['Ḥš]nḥwyn;*Axšainaxvaina- (EI);Turquoise;441;;Colour and Colour Related;Indirect;;;
Elamite;Hu-ba-šá-a-taš;*Upsaita;Almost White;441;U-ba-šá-a-taš, Uk-ba-šc-taš;Colour and Colour Related;Indirect;;;
Aramaic; 'Bygm;*Abigarana;Penalty;442; 'Bgrn;Economical, Financial or Fiscal;Indirect;;;
Demotic;ꜣbykrm;*Abigarana;Penalty;442;;Economical, Financial or Fiscal;Indirect;;;
Elamite;Ad-ba-zi-iš;*Ādbaza;Shortage, Deficit;442;;Economical, Financial or Fiscal;Indirect;;;
Aramaic; 'Drng;*Ādranga;Guarantor;442;;Economical, Financial or Fiscal;Indirect;;;
Elamite;Ab-^ba^bar-ka4-šc;*Apārga;Road Value Tax;442;;Economical, Financial or Fiscal;Indirect;;;
Elamite;Ba-zí-ka4;*Bājika;Belonging to The Cattle Tax;442;;Economical, Financial or Fiscal;Indirect;;;
Babylonian;Ba-a-ri;*Bāra;Tax;442-443;Ba-ar-ra, Ba-ar-ri, Ba-ar-ru, Ba-ra, +;Economical, Financial or Fiscal;Indirect;;;
Elamite;Ba-ra(-áš);*Bāra;Tax;442-443;Ba-ráš;Economical, Financial or Fiscal;Indirect;;;
Elamite;Ba-ti-ba-zí-iš;*Bātabājiš;Wine Tax;443;;Economical, Financial or Fiscal;Indirect;;;
Aramaic;Gnz;*Ganza (Med);Treasure;443;;Economical, Financial or Fiscal;Indirect;;;
Elamite;Ka4-an-za;*Ganza (Med);Treasure;443;Ka4-in-za-um, Kán-za-um;Economical, Financial or Fiscal;Indirect;;;
Aramaic;Hd'bgw;*Hadābigāva;Interest Added, With Interest;443;;Economical, Financial or Fiscal;Indirect;;;
Aramaic;Hmkrygrb;*Hamakāryagraba;Joint Holding;443;;Economical, Financial or Fiscal;Indirect;;;
Aramaic;Hmr;*Hamāra;Reckoning, Accounting;443;;Economical, Financial or Fiscal;Indirect;;;
Aramaic;Hmrkrny;*Hamārakarnaya;Accountant;444;;Economical, Financial or Fiscal;Indirect;;;
Aramaic;Ksntw;*Kasunaθva;Loss, Decrease;444;;Economical, Financial or Fiscal;Indirect;;;
Elamite;Bar-ri-še-kaš-še;*Parisēka;Value, Salary;444;;Economical, Financial or Fiscal;Indirect;;;
Elamite;[Bat-ti]-šá-a-ka4-še;*Patisaika;Fractional Wine Charge;444;Bat-ti-še-ka4, Bat-ti-še-kaš(-še), +;Economical, Financial or Fiscal;Indirect;;;
Elamite;Bat-ti-še-za-na;*Patisēčana (Patisaika);Fractional Wine Charge;444;;Economical, Financial or Fiscal;Indirect;;;
Elamite;Pír-tu-ka4;*Pṛθuka;Remainder;444;;Economical, Financial or Fiscal;Indirect;;;
Babylonian;Up-pa-a-ia-ta;*Upayāta;Bye-Portion;444-445;Ú-pi-a-tu4;Economical, Financial or Fiscal;Indirect;;;
Elamite;Uk-ba-a-<<pír>>-tam6;*Upayāta;Bye-Portion;444-445;Uk-ba-pe-taš, Uk-be-ia-taš, +;Economical, Financial or Fiscal;Indirect;;;
Elamite;Mar-tuk-kaš;*Vardaka;Growth, Increase;445;;Economical, Financial or Fiscal;Indirect;;;
Aramaic;Zyny;*Zyāni;Loss, Damage;445;;Economical, Financial or Fiscal;Indirect;;;
Elamite;Kán-su-ka4;*Kančuka;Cloak, Coat;445;Kán-su-uk-ka4;Garments;Indirect;;;
Elamite;Mar-na;*Varna;Wool, Woolen Garment;445;;Garments;Indirect;;;
Elamite;Ap-pi-iš-da-man-na;*Abistāvana;Estate;445-446;Ha-pi-iš-da-u-na-um, [H]a-pi-iš-tam5-na;Geographical Expression;Indirect;;;
Aramaic; 'dwn;*Advan;Path, Travel Route;446;;Geographical Expression;Indirect;;;
Aramaic;dm';*Dāmā;Estate;446;;Geographical Expression;Indirect;;;
Elamite;Da-ti-iš;*Dātiš;Street;446;;Geographical Expression;Indirect;;;
Elamite;Ú-ma-na(-am/-um);*(H)umāna;Village;446;;Geographical Expression;Indirect;;;
Elamite;Hu-ma-nu-iš;*(H)umanīš ((H)umāna);Village;446;Ma-nu-iš, Ú-ma-nu-iš;Geographical Expression;Indirect;;;
Elamite;Bar-te-da;*Pardēda;Estate;446;Bar-te-taš;Geographical Expression;Indirect;;;
Babylonian;Pa-ar-^d^e-su;*Pardēsa (Pardēda);Estate;447;Pa-ar-de-e-su, Par-de-e-su, Par-de-su;Geographical Expression;Indirect;;;
Elamite;Ir-ma-at-tam6;*Ṛmāta;Estate;447;Ir-ma-tam6;Geographical Expression;Indirect;;;
Babylonian;Uz-ba-ra;*Uzbara;Crown Land;447;Uz-ba-ri, Uz-ba-ra, [U]z-ba-ri;Geographical Expression;Indirect;;;
Aramaic; 'Wdys;*Avadaisa;Statement, Investigation, Report;447;;Jurdicial Expression;Indirect;;;
Aramaic;Dpny;*Dafnya;Person to be Mistrated;447-448;;Jurdicial Expression;Indirect;;;
Aramaic; Dwškrt;*Duškṛta;Crime, Ill Done;448;;Jurdicial Expression;Indirect;;;
Aramaic;Nprt;*Niparta;Litigation, Legal Proceedings;448;;Jurdicial Expression;Indirect;;;
Aramaic;Srwšyt;*Sraušyatā;Corporal Punishment;448;;Jurdicial Expression;Indirect;;;
Elamite;Mi-bu-uk-da;*Vibuxtā;Release;448;Mi-bu-uk-taš;Jurdicial Expression;Indirect;;;
Elamite;Da-du-ia;*Daθv(i)ya;1/10 Bán;448;;Metrological Expression;Indirect;;;
Elamite;Ik-ri-ma;*Grīva;Bushel;448-449;Ik-ri-maš, Ki-ri-ma, Kur-ri-ma, Kur-ri-maš, +;Metrological Expression;Indirect;;;
Demotic;Kpḏ;*Kapiča;Holder, Something Containing;449;;Metrological Expression;Indirect;;;
Aramaic;Mry;*Mari-;Jar, Pitcher;449;;Metrological Expression;Indirect;;;
Elamite;Mar-ri(-iš);*Mari-;Jar, Pitcher;449;;Metrological Expression;Indirect;;;
Aramaic; 'Rdb;*Ṛdba (Ṛdva, North Iranian);Artabe;449;;Metrological Expression;Indirect;;;
Babylonian;Ar-da-bi;*Ṛdba (Ṛdva, North Iranian);Artabe;449;;Metrological Expression;Indirect;;;
Elamite;Ir-du-ba(-am/-um);*Ṛdba (Ṛdva, North Iranian);Artabe;449-450;Ir-ti-ba;Metrological Expression;Indirect;;;
Elamite;Ir-du-ma(-am/-um);*Ṛdva;Artabe;450;;Metrological Expression;Indirect;;;
Elamite;Za-iš-ma-kaš;*Čaç(uš)vaka-;1/4 Shekel;450;;Metrological (Fractional);Indirect;;;
Elamite;Da-na-ka4(-um);*Dānāka;1/8 Shekel;450;Da-na-kaš;Metrological (Fractional);Indirect;;;
Elamite;Da-sa-mak-kaš;*Daθauvaka;1/10 Kạrša;450;;Metrological (Fractional);Indirect;;;
Elamite;Ba-su-ka;*Pančuka;5 Units, 1 Shekel;450-451;Pan-su-kaš;Metrological (Fractional);Indirect;;;
Elamite;Mi-iš-du-mak-kaš ;*Vīstōvaka;1/20 Kạrša;451;;Metrological (Fractional);Indirect;;;
Elamite;Da-sa-ba(-um);*Daθapa;Decury;451;;Military Expression;Indirect;;;
Babylonian;An-de-e-su;*Handēsa;Muster, Mobilise;451;;Military Expression;Indirect;;;
Aramaic;Hndyz;*Handaiza (Med);Garrisoned;451;Hndz;Military Expression;Indirect;;;
Babylonian;Pa-sa-'-du;*Passāda;Millitary Equiptment;451-452;;Military Expression;Indirect;;;
Elamite;Sa-da-ba(-an/-um);*Θatapa;Century, Group of One Hundred;452;Sa-tuk-ba(-um);Military Expression;Indirect;;;
Aramaic;Ywz;*Yauza (Med);Revolt, Turmoil, Rebellion;452;tar-na-ba-zí(-iš), Tur-na-ba-iz-zí-(iš), +;Military Expression;Indirect;;;
Elamite;Tar-na-ba-kaš;*Dṛnabājiš;5th Month;452;;Month Name;Indirect;;;
Elamite;Tar-na-ba-[zí]-ia-š;*Dṛnabājiya (Dṛnabāji);5th Month;452;Tur-na-ba-iz-zí-ia-iš, Tur-na-ba-zí-iš;Month Name;Indirect;;;
Elamite;Ha-mi-ia-maš;*Θavayhvā;11th Month;452-453;Ha-mi-ma, Sa-me-ia-ma-iš, +;Month Name;Indirect;;;
Elamite;Sa-me-man-taš;*Θavayahvanta;12th Month;453-454;Sa-mi-ia-man-da, Sa-mi-ia-man-ti, +;Month Name;Indirect;;;
Elamite;Ma-ir-ka4-šá-na-iš;*Vṛkažana;8th Month;454;Mar^ir^-ka4-šá-na-iš, +;Month Name;Indirect;;;
Elamite;Áš-du-maš;*Aštōva;1/8th;455;;Numeral;Indirect;;;
Elamite;Za-áš-maš;*Čaçu(š)va;1/4th;455;Za-iš-šu-iš-maš, Za-iš-šu-iš-maš, +;Numeral;Indirect;;;
Elamite;Ši-iš-du-ia-iš;*Čistōya;1/30th;455;;Numeral;Indirect;;;
Elamite;Ši-iš-maš;*Čišva;1/3rd;455;Ši-iš-maš, Ši-šu-maš;Numeral;Indirect;;;
Elamite;Da-sa-maš;*Daθahva;1/10th;455;;Numeral;Indirect;;;
Elamite;Nu-ma-u-maš;*Navauva;1/9th;455;;Numeral;Indirect;;;
Elamite;Pan-su-ma-iš;*Pančōva;1/5th;455;;Numeral;Indirect;;;
Elamite;Mi-iš-du-ia;*Vīstōya;1/20th;456;;Numeral;Indirect;;;
Aramaic;B't;*Bāta;Wine;456;;Nutritional Expression;Indirect;;;
Aramaic;Dwg;*Dūga;Yoghurt;456;;Nutritional Expression;Indirect;;;
Elamite;Ku-da-ge-na;*Gōdakēna;Sweet Thing Made of Walnuts;456;;Nutritional Expression;Indirect;;;
Elamite;Ma-ri-ia-um;*(H)uvarya;(Xvarya);456;;Nutritional Expression;Indirect;;;
Elamite;Ha-mar(-am/-áš);*Hvara;A Type of Grain Product;456;Ha-ma-ra(-um), Ha-mar-ra(-iš/-um), +;Nutritional Expression;Indirect;;;
Elamite;Ka4-ir;*Kāra;Grain;456;;Nutritional Expression;Indirect;;;
Elamite;Ma-du-ka;*Maduka;Honey;456-457;Ma-du-uk-ka4;Nutritional Expression;Indirect;;;
Elamite;Mi-ig-tam6-ma-ri-ia-um;*Migdauvarya;Fruit Porridge;457;;Nutritional Expression;Indirect;;;
Elamite;Ba-nu-ra;*Panīra;Cheese;457;;Nutritional Expression;Indirect;;;
Babylonian;Pa-ḫa-se-e-mu-nu;*Paxsēmna;Cooked, Ripened;457;;Nutritional Expression;Indirect;;;
Elamite;Pi-iš-da;*Pista;Flour;457;;Nutritional Expression;Indirect;;;
Elamite;Sa-mar;*Θavar;Sour;457;Sa-u-ir, Sa-u-mar, Sa-u-ri, Sa-u-ur;Nutritional Expression;Indirect;;;
Elamite;Mi-ri-zí-iš;*Vrīziš;Rice;457;Ru-mi-zí-iš;Nutritional Expression;Indirect;;;
Elamite;Ku-ir-ra-um;*Xvara;Bread;457;;Nutritional Expression;Indirect;;;
Elamite;Ku-ir-ka-ráš;*Xvarakara;The Baking of The Bread;457-458;;Nutritional Expression;Indirect;;;
Elamite;Ku-ir-ri-um;*Xvarī;Hot Food;458;Ku-ri-um, Kur-ri-um;Nutritional Expression;Indirect;;;
Elamite;Kur-ru-sa(-am/-an/-um);*Xvaθa;Food, Barley;458;Ku-ru-šá(-am);Nutritional Expression;Indirect;;;
Elamite;He-ia-mi-ia-iš;*Yavya;Barley;458;;Nutritional Expression;Indirect;;;
Elamite;Ha-da-at-ti;*Ādātiš;Āzātiš;458;Ha-da-ti-iš;Plant, Fruit or Vegtable;Indirect;;;
Babylonian;As-pa-as-ti;*Aspastiš;Medicago Sativa;458-459;As-pa-as-ta4, As-pa-sa-tu4;Plant, Fruit or Vegtable;Indirect;;;
Elamite;Ha-za-ti(-iš);*Āzātiš;Very Good Grain, Wheat;459;;Plant, Fruit or Vegtable;Indirect;;;
Elamite;Ha-a-ia(-um);*Bahya;Quince;459;;Plant, Fruit or Vegtable;Indirect;;;
Aramaic;Drḥt;*Draxta;Tree;459;;Plant, Fruit or Vegtable;Indirect;;;
Aramaic;Gzr;*Gazara;Carrot;459;;Plant, Fruit or Vegtable;Indirect;;;
Elamite;Ku-ti-iz-za;*Gōdiča;Prune;459;;Plant, Fruit or Vegtable;Indirect;;;
Elamite;Ku-ud-da-ka4-har;*Kutakāra;Grain of Minor Quality;459;;;Indirect;;;
;;*;;459;;;Indirect;;;
;;*;;459;;;Indirect;;;
;;*;;459;;;Indirect;;;
;;*;;;;;Indirect;;;
;;*;;;;;Indirect;;;
;;*;;;;;Indirect;;;
;;*;;;;;Indirect;;;
;;*;;;;;Indirect;;;
;;*;;;;;Indirect;;;
;;*;;;;;Indirect;;;
;;*;;;;;Indirect;;;
;;*;;;;;Indirect;;;
;;*;;;;;Indirect;;;
;;*;;;;;Indirect;;;
